"PEP.Adjusted","JPM.Adjusted","BLK.Adjusted","PFE.Adjusted","GSPC.Adjusted","C.Adjusted","MCO.Adjusted","GOOGL.Adjusted","WHR.Adjusted","BA.Adjusted","NFLX.Adjusted","V.Adjusted"
110.588921,82.471924,375.152985,31.035908,2357.030029,58.928829,111.36956,942.169983,177.357178,175.02832,153.199997,91.145027
110.870888,82.168541,379.856201,31.026279,2365.719971,59.027077,112.180817,950.5,172.414383,173.677277,155.699997,91.095375
110.540321,82.971046,384.588776,31.257387,2381.72998,60.029198,113.526321,954.650024,174.243591,176.966751,157.020004,91.860214
111.522331,82.892746,387.483032,30.929983,2394.02002,59.989902,113.743973,964.070007,175.265244,179.815689,157.160004,92.684647
111.86264,83.930138,387.179932,30.949242,2398.419922,60.628506,113.664825,970.549988,175.89769,179.639481,157.949997,93.230957
112.84465,83.881195,387.51236,30.862577,2404.389893,61.178696,113.82312,977.609985,175.119293,181.362534,157.75,94.174599
114.273933,83.528877,397.339264,30.9685,2415.070068,60.864304,115.297234,991.859985,175.527939,183.144363,163.050003,94.403053
114.643402,83.538666,397.98465,30.949242,2415.820068,60.982197,115.861145,993.27002,174.292252,182.674423,162.429993,94.03553
114.740631,82.109818,397.789093,30.939613,2412.909912,60.559734,115.514885,996.169983,178.252319,182.958344,163.220001,94.085197
114.412674,80.397171,400.155334,31.440348,2411.800049,59.479015,117.186859,987.090027,180.529144,183.692612,163.070007,94.591782
114.765114,81.287743,406.687866,31.498123,2430.060059,60.009548,117.731003,988.289978,182.737823,183.389114,162.990005,94.760643
115.195847,80.876701,407.996338,31.334425,2439.070068,60.039024,117.55291,996.119995,184.761673,186.238022,165.179993,95.505615
115.401436,81.023506,407.514221,31.151463,2436.100098,60.176567,117.592491,1003.880005,186.678452,184.984909,165.059998,95.902939
115.225212,81.18988,407.130554,30.881836,2429.330078,59.940777,116.514107,996.679993,183.808136,182.83107,165.169998,95.148026
114.58889,82.119614,407.101044,30.81443,2433.139893,60.795532,116.415176,1001.5,184.061096,184.15274,165.610001,95.446014
113.453285,83.137413,408.507935,30.573692,2433.790039,62.102219,116.128265,1004.280029,183.983246,185.944321,165.880005,95.446014
113.502235,85.10453,411.725006,31.555901,2431.77002,63.320492,115.574242,970.119995,185.822235,186.042221,158.029999,93.92627
113.786133,85.1241,411.538055,31.488499,2429.389893,63.192768,115.940292,961.809998,185.462219,186.012863,151.440002,92.873383
113.874237,85.407913,412.521851,31.372946,2440.350098,63.55629,117.651848,970.5,188.663345,187.079987,152.720001,94.442787
114.902161,85.231758,414.666534,31.478865,2437.919922,63.585762,118.730232,967.929993,191.232056,188.342926,152.199997,94.681175
114.745514,84.722855,415.532318,31.594421,2432.459961,62.976624,119.788818,960.179993,190.940186,191.348511,151.759995,93.538879
114.402885,84.341171,413.702454,31.748493,2433.149902,62.770306,120.946335,958.619995,190.580154,192.317719,152.380005,93.538879
114.823845,86.190849,421.445038,31.989233,2453.459961,63.349964,120.877083,975.219971,191.553162,194.902328,153.399994,94.154732
115.469963,85.652573,417.814758,32.316631,2437.030029,62.789951,119.897644,968.98999,189.305527,194.16806,152.050003,93.747475
114.951103,85.261124,413.928711,32.624779,2435.610107,62.711353,117.671638,978.590027,188.575806,194.990433,155.029999,93.90641
113.707817,85.163246,416.319366,32.798111,2434.5,62.505035,117.453979,976.619995,189.889343,195.254776,154.889999,93.320358
114.500786,85.00666,414.794464,32.90403,2438.300049,62.298714,118.779694,986.090027,183.58432,197.986221,158.020004,94.939438
114.657417,85.378555,417.814758,32.778854,2439.070068,62.662231,119.333725,972.090027,185.569244,195.783447,157.5,94.581848
113.502235,86.171272,415.296204,32.518852,2419.379883,63.104347,119.135849,948.090027,183.428665,194.716324,151.029999,94.263992
113.932976,87.903503,419.939789,32.499599,2440.689941,64.037697,120.916656,961.01001,183.448105,195.430984,153.410004,95.585083
112.758202,89.205132,416.388214,32.384041,2419.699951,65.806152,120.075722,937.820007,182.961609,193.31633,150.089996,93.787209
113.061684,89.449791,415.571686,32.345524,2423.409912,65.707901,120.382416,929.679993,186.444931,193.60025,149.410004,93.151497
113.012741,91.270287,421.877899,32.566998,2429.01001,67.063728,120.718781,919.460022,186.785477,194.422607,146.169998,92.724373
112.875694,92.18544,421.828705,32.393665,2432.540039,67.250381,122.65789,932.26001,187.992004,197.575012,147.610001,93.379967
112.709251,91.890228,418.306702,31.989233,2409.75,66.444756,120.867188,927.690002,184.576782,197.251953,146.25,92.625053
113.081268,92.352722,425.38028,32.11441,2425.179932,66.719856,122.103859,940.809998,186.921692,198.123276,150.179993,93.290565
111.867332,91.703262,429.177765,32.172192,2427.429932,66.464409,121.718018,951,187.622253,199.679932,152.669998,94.452721
111.34848,91.349007,424.917877,31.941078,2425.530029,65.648964,121.302498,953.530029,186.084946,201.941452,154.330002,94.770584
112.356827,91.034111,428.243164,31.989233,2443.25,65.7472,122.954689,967.659973,187.067642,202.10788,158.75,95.535416
111.622597,91.614693,430.791229,32.047005,2447.830078,65.845444,123.350418,968.849976,187.057938,201.902252,158.210007,95.297028
112.513466,90.778259,431.243774,32.191452,2459.27002,65.550697,123.765938,976.909973,187.096832,204.134445,161.119995,96.280388
112.513466,89.931976,417.755737,32.01812,2459.139893,65.658775,124.033058,975.960022,190.239609,204.614166,161.699997,96.181053
112.591789,89.617081,419.969299,32.124043,2460.610107,65.717728,124.507942,986.950012,190.901245,203.870102,183.600006,96.926041
112.914841,89.745003,419.556091,32.374409,2473.830078,65.531059,125.249954,992.77002,192.983444,206.454697,183.860001,97.591537
113.081268,89.745003,420.362823,32.297375,2473.449951,65.197021,125.813866,992.190002,184.615738,205.867279,183.600006,97.452484
114.177711,89.439957,421.710632,32.239597,2472.540039,64.84333,131.156296,993.840027,186.055725,207.688263,188.539993,98.932495
113.688232,89.82373,421.386017,32.085522,2469.909912,64.941566,132.14563,998.309998,184.946533,207.727402,187.910004,99.697334
114.001503,91.319481,424.366974,31.873672,2477.129883,66.837753,131.334381,969.030029,185.793015,208.001526,186.970001,99.319885
114.725945,90.463364,425.704895,31.671455,2477.830078,66.788628,131.858704,965.309998,185.053558,228.551056,189.080002,100.174126
114.872787,90.089424,418.62149,31.777382,2475.419922,66.415283,130.483536,952.51001,173.426285,235.942627,182.679993,98.902695
114.158134,89.82373,417.135956,31.921825,2472.100098,66.248268,130.800125,958.330017,172.959229,236.20697,184.039993,98.485512
114.158134,90.335442,419.624969,31.931452,2470.300049,67.250381,130.226303,945.5,173.076019,237.372009,181.660004,98.892761
113.482651,91.545807,423.019135,31.854422,2476.350098,68.380226,130.186737,946.559998,171.713806,234.415375,182.029999,100.193977
113.179169,91.624527,418.660797,32.009995,2477.570068,68.203384,127.990417,947.640015,171.811127,232.956635,180.740005,100.601242
113.85466,91.024269,419.113403,32.505901,2472.159912,67.245972,127.347351,940.299988,171.159225,233.250336,179.229996,99.915855
113.923187,92.165771,419.605286,32.710091,2476.830078,68.084946,127.911263,945.789978,173.017654,232.72168,180.270004,100.213852
114.500786,92.520012,420.943268,32.389217,2480.909912,68.144173,127.693604,945.75,173.572235,235.188782,181.330002,100.80983
114.256035,92.18544,421.877899,32.360043,2474.919922,67.986244,126.338219,944.190002,173.71817,234.474121,178.360001,100.601242
114.177711,92.037842,424.357117,32.525345,2474.02002,67.542084,126.654808,940.080017,170.322449,230.761215,175.779999,100.29332
113.932976,90.719215,415.847137,32.49617,2438.209961,66.347786,125.556641,923.590027,167.101852,229.352875,169.139999,98.823235
114.060242,89.961494,417.293335,32.330875,2441.320068,65.933235,126.397583,930.090027,166.615356,231.322571,171.399994,99.419212
115.362282,91.01442,421.130219,32.389217,2465.840088,67.009094,129.138046,938.929993,168.960236,233.558167,171,101.187286
116.468521,91.250603,421.317139,32.457279,2464.610107,67.088058,130.790222,938.080017,168.512665,235.547607,168.5,101.942184
116.595779,90.620804,420.15625,32.437832,2468.110107,66.831429,130.681381,944.27002,169.407822,233.991516,169.979996,102.792824
115.900719,89.203781,413.141663,32.039165,2430.01001,65.735825,128.831345,927.659973,166.858597,232.02182,166.089996,101.638748
115.127319,89.292343,409.806519,31.766903,2425.550049,65.716087,129.476303,926.179993,165.486664,232.199097,166.539993,101.986969
115.773453,89.184097,408.64563,31.854414,2428.370117,65.094261,129.793823,920.869995,163.26825,232.110458,166.759995,102.693336
115.440598,90.099266,414.548523,32.233639,2452.51001,65.982582,131.550064,940.400024,164.737457,236.118805,169.339996,103.539001
114.823845,90.207512,411.301941,32.321148,2444.040039,66.357658,130.9944,942.580017,164.89415,234.483948,169.059998,102.653542
113.776337,90.059898,409.206421,32.311424,2438.969971,66.811684,131.173004,936.890015,163.895233,235.1241,168.130005,102.693336
113.414124,90.423996,409.629456,32.467003,2443.050049,66.969612,131.361542,930.5,164.972488,232.317276,165.949997,102.82267
113.110641,90.138626,407.632324,32.544792,2444.23999,66.930122,131.649277,928.130005,164.71788,233.587738,167.119995,103.250481
113.404335,89.646606,407.42572,32.573959,2446.300049,66.604416,131.996552,935.75,164.551392,236.84761,168.809998,103.240532
113.5177,89.853249,409.462219,32.525345,2457.590088,67.127541,133.395599,943.630005,165.423019,236.818085,174.690002,103.200737
114.089478,89.439957,414.717804,32.982349,2471.649902,67.147278,132.988785,955.23999,168.077072,236.030182,174.710007,102.991798
114.197922,90.237022,417.459442,33.021244,2476.550049,67.69014,132.720901,951.98999,169.71257,236.690018,174.740005,103.369873
114.227501,88.081963,409.41272,32.865669,2457.850098,66.288574,132.026321,941.47998,168.586334,233.410461,174.520004,102.484413
114.700684,88.672394,407.967682,33.050415,2465.540039,66.446487,133.197174,942.02002,166.686386,231.066498,179.25,102.653542
115.331619,87.117599,410.006561,33.050415,2465.100098,65.202835,133.177307,949.890015,165.471985,232.730911,179,104.026497
113.409264,87.009354,411.689178,33.157375,2461.429932,65.311401,134.298538,941.409973,168.733231,235.163498,176.419998,103.897156
114.050049,88.357498,419.696289,33.371296,2488.110107,66.831429,134.665665,943.289978,170.016205,236.946091,181.740005,105.608383
113.369827,89.439957,424.179901,34.392265,2496.47998,67.897408,135.102249,946.650024,172.699631,236.936249,185.149994,105.668076
112.827621,89.695808,421.161133,34.090839,2498.370117,68.489624,134.318375,950.440002,172.258911,238.265778,183.639999,105.290016
112.571312,89.518684,421.329376,34.742317,2495.620117,68.341576,133.911575,940.130005,171.514618,241.515808,182.630005,105.538742
113.221954,90.15831,424.328339,34.382545,2500.22998,68.144173,135.270935,935.289978,168.312103,245.228714,182.350006,104.762726
113.35997,91.437561,425.040955,34.567291,2503.870117,69.683922,135.697571,929.75,167.313171,249.246918,184.619995,104.295128
112.867058,92.441292,427.960785,34.470055,2506.649902,70.226784,135.67775,936.859985,167.528625,248.636307,185.679993,104.872162
111.969963,93.090759,429.623535,34.995132,2508.23999,70.532768,135.70752,947.539978,166.862671,251.590881,185.509995,104.434402
111.201019,93.513908,429.188049,34.975685,2500.600098,70.82888,135.58844,947.549988,169.124985,252.162094,188.779999,104.772675
110.264473,93.317093,431.028992,34.965958,2502.219971,70.473549,136.957718,943.26001,171.612534,252.565887,187.350006,105.0214
110.35321,92.618431,433.147095,34.528397,2496.659912,69.920815,137.701889,934.280029,173.630005,250.468155,178.550003,102.494354
110.225044,92.205116,429.950165,34.324207,2496.840088,70.019516,137.275238,937.429993,177.880417,249.857529,179.380005,102.414772
109.525116,93.661507,433.909149,34.470055,2507.040039,71.342133,137.632446,959.900024,177.782486,251.413589,181.970001,103.359917
110.057457,93.858315,441.540192,34.61591,2510.060059,71.707329,137.533203,964.809998,179.78038,250.4189,180.699997,104.046402
109.850433,93.986244,442.510162,34.71315,2519.360107,71.796158,138.128571,973.719971,180.632416,250.359802,181.350006,104.703033
107.573181,95.295029,445.340881,35.072918,2529.120117,72.842407,139.120789,967.469971,180.103546,252.112854,177.009995,104.902016
107.583038,95.796883,446.172272,35.140984,2534.580078,73.168121,139.904663,972.080017,181.268982,251.590881,179.190002,105.051239
107.790054,94.822685,453.21933,34.965958,2537.73999,73.09903,140.609131,966.780029,181.983932,251.886322,184.449997,104.772675
108.884323,96.099518,459.672516,35.004856,2552.070068,74.737495,140.996109,985.190002,179.653061,254.968948,194.389999,105.697922
108.835037,95.931252,458.474945,35.053474,2549.330078,74.658531,141.383072,993.640015,177.586609,254.663605,198.020004,106.185425
108.450569,95.42646,457.71283,35.140984,2544.72998,74.411774,140.84726,992.309998,176.244904,254.476501,196.869995,106.463997
109.209648,96.139114,460.72168,35.393799,2550.639893,74.204498,141.035782,987.799988,173.522278,256.978027,195.080002,106.762466
109.929298,95.852074,469.075226,35.442417,2555.23999,73.967621,141.442612,1005.650024,173.257858,257.480316,194.949997,107.886703
110.855965,95.010742,475.666992,35.345181,2550.929932,71.430954,142.811874,1005.650024,173.443939,257.943207,195.860001,107.558388
111.023567,94.882072,470.619232,35.335457,2553.169922,71.174332,143.119492,1007.869995,175.089264,256.790924,199.490005,108.105583
111.960091,96.841866,473.063965,34.985405,2557.639893,70.838745,143.625519,1009.349976,173.120758,255.815887,202.679993,107.747421
110.599663,96.624115,470.678619,35.199326,2559.360107,71.253296,143.010345,1011,172.699631,254.703018,199.479996,106.991302
110.36306,96.990334,472.608643,34.839554,2561.26001,72.171227,144.072021,1012.73999,173.14032,256.101501,195.539993,107.249962
111.072853,97.109116,471.905945,35.23822,2562.100098,71.934341,143.069855,1001.840027,174.286194,255.116638,195.130005,106.473946
110.027878,98.494835,471.73764,35.413242,2575.209961,72.575905,144.528442,1005.070007,178.693298,260.740173,194.160004,107.001244
110.10675,98.326561,469.530518,35.393799,2564.97998,72.575905,144.925339,985.539978,178.732468,258.346985,192.470001,106.981346
109.180069,99.89045,468.867371,35.267391,2569.129883,73.276695,145.858032,988.48999,159.889633,261.971252,196.020004,107.856857
108.509712,99.989426,464.344177,35.160431,2557.149902,72.664749,144.449081,991.460022,157.617554,254.506058,193.770004,108.931343
109.160355,100.70208,468.629852,34.752045,2560.399902,72.832542,146.235092,991.419983,158.175781,255.34314,195.210007,109.239769
109.032196,100.731773,470.262939,34.61591,2581.070068,72.911499,145.262695,1033.670044,158.077835,252.575714,199.539993,109.150215
108.095665,100.375458,467.452026,34.178352,2572.830078,72.822662,141.869278,1033.130005,158.322678,255.323502,198.369995,109.478539
108.66745,99.583618,466.006989,34.090839,2575.26001,72.546303,141.303711,1033.040039,160.545807,254.072723,196.429993,109.418846
108.568855,99.89045,464.482758,34.285309,2579.360107,73.069412,142.375305,1042.599976,161.025696,254.584824,198,110.503288
108.489998,100.553604,470.055115,34.479782,2579.850098,73.770203,142.414993,1042.969971,160.03656,258.652252,199.320007,110.413742
108.657593,100.375458,474.202148,34.567291,2587.840088,73.403442,145.153534,1049.98999,160.477264,257.785614,200.009995,110.791801
107.711197,99.751877,470.738007,34.343651,2591.129883,73.155624,143.387375,1042.680054,160.046341,260.070465,200.130005,111.348946
108.904037,97.742592,468.520966,34.382545,2590.639893,72.075134,142.653137,1052.390015,159.204117,262.099274,195.889999,111.518074
110.412354,96.643913,467.362946,34.363098,2594.379883,71.708366,143.804108,1058.290039,159.409775,261.54776,196.440002,111.896149
109.899727,96.63401,461.820343,34.539722,2584.620117,71.797585,141.978409,1047.719971,159.380402,260.112061,193.899994,111.567825
111.151726,96.515244,461.058197,34.5201,2582.300049,71.619156,141.085419,1044.150024,158.704636,258.280273,192.020004,111.309143
112.423439,96.861664,460.345581,34.637848,2584.840088,71.361427,141.045715,1041.199951,158.332474,259.834808,195.080002,110.831596
114.119057,96.277679,465.63089,34.716347,2578.870117,70.905441,142.02803,1041.640015,157.676315,259.181305,195.710007,111.408638
113.468407,97.188301,465.680359,34.69672,2564.620117,71.103699,140.857193,1036.410034,158.234543,260.270447,192.119995,109.687462
113.596565,97.465446,469.164276,34.892971,2585.639893,71.044212,142.970627,1048.469971,160.610977,261.102203,195.509995,110.649239
113.054359,97.138809,469.134613,34.706532,2578.850098,70.707191,145.649643,1035.890015,163.095856,259.676392,193.199997,109.453247
113.281105,97.999939,469.906616,34.686909,2582.139893,71.420906,147.53981,1034.660034,162.898651,262.02301,194.100006,109.582817
114.404945,97.920753,476.429108,34.873344,2599.030029,71.748016,148.683838,1050.300049,166.52739,264.359772,196.229996,111.077805
113.448692,97.633705,474.033905,34.765408,2597.080078,71.629066,148.624146,1051.920044,164.318588,262.537903,196.320007,110.449913
114.257072,97.316971,474.825684,34.824284,2602.419922,71.391159,149.449829,1056.52002,165.482162,263.260712,195.75,111.596077
114.207779,96.930954,477.022949,34.824284,2601.419922,70.766663,149.091705,1072.01001,162.701447,262.963654,195.050003,112.0047
115.114731,100.325966,488.009247,35.177528,2627.040039,73.056488,150.096466,1063.290039,165.146881,265.349915,199.179993,112.98143
115.183739,102.671783,495.689789,35.530773,2626.070068,74.384796,149.061859,1037.380005,166.635864,266.647003,188.149994,109.493118
115.665184,103.45372,496.056,35.579838,2647.580078,74.840782,151.031586,1036.170044,166.22171,274.073151,187.580002,112.213997
115.923279,103.72097,499.42807,35.668152,2642.219971,74.850693,150.514282,1025.069946,165.127182,268.706543,186.820007,110.360214
116.598289,105.858932,510.78775,35.383595,2639.439941,76.426804,150.961945,1011.869995,167.266953,275.231598,184.039993,107.071236
116.727333,104.641479,509.415039,34.961655,2629.570068,75.871696,151.290222,1019.599976,166.764038,272.825531,184.210007,108.217392
118.027725,103.859543,509.116638,34.892971,2629.27002,74.781303,151.479248,1032.719971,166.754196,275.528656,185.300003,109.37352
115.87365,103.552711,509.703491,34.834095,2636.97998,74.325325,150.942047,1044.569946,168.11496,279.1922,185.199997,111.027977
115.714821,104.849335,512.767212,35.069592,2651.5,75.048943,151.598618,1049.380005,167.335968,283.083496,188.539993,112.223969
116.528801,104.542503,509.424988,35.530773,2659.98999,75.187721,151.598618,1051.969971,165.531448,280.370483,186.220001,111.994736
116.538734,105.759949,514.995422,35.893841,2664.110107,75.485107,151.777695,1048.77002,164.190384,287.08371,185.729996,113.081093
116.935799,104.433624,509.842773,35.952713,2662.850098,74.483917,149.390137,1051.390015,164.713013,288.964966,187.860001,112.931595
117.154175,103.5923,504.073425,35.776089,2652.01001,73.274567,148.723633,1057.469971,161.636475,290.984863,189.559998,112.542892
118.345383,105.05719,509.166382,36.502205,2675.810059,74.117149,149.788071,1072,162.198547,291.044281,190.119995,113.439888
117.183968,105.868828,516.119446,36.433521,2690.159912,75.009293,149.688599,1085.089966,163.056427,293.222626,190.419998,113.170799
117.739853,105.423424,513.09552,36.247082,2681.469971,74.04776,149.370255,1079.780029,163.786118,294.321686,187.020004,111.765503
118.146843,105.05719,511.832214,35.776089,2679.25,74.008118,147.698975,1073.560059,162.583115,294.96524,188.820007,111.745567
117.392426,106.729958,510.877319,35.560215,2684.570068,75.157982,146.714111,1070.849976,167.247223,292.123535,188.619995,112.034599
117.729927,106.353828,509.415039,35.46209,2683.340088,74.830864,146.226669,1068.859985,169.288376,292.192871,189.940002,112.313675
118.017799,105.928223,511.006561,35.530773,2680.5,74.12706,145.112473,1065.849976,167.789566,292.450287,187.759995,112.612663
118.424797,106.126175,511.603424,35.648525,2682.620117,74.236107,145.86853,1060.199951,167.710663,292.707703,186.240005,113.639229
118.474426,106.690361,515.24408,35.687775,2687.540039,74.424446,147.052353,1055.949951,168.29245,293.430542,192.710007,113.968117
119.040237,105.849037,510.996674,35.540588,2673.610107,73.7603,146.843445,1053.400024,166.290726,292.00473,191.960007,113.639229
117.193886,106.848724,506.281677,35.756462,2695.810059,73.710732,145.371124,1073.209961,165.649796,293.91571,201.070007,114.127594
116.886162,106.957611,511.623352,36.021397,2713.060059,73.938721,148.086945,1091.52002,166.48793,294.866241,205.050003,115.263779
117.461906,108.489845,518.377441,36.099899,2723.98999,74.850693,150.812729,1095.76001,166.468231,293.747406,205.630005,115.692345
117.799408,107.793373,522.794006,36.168583,2743.149902,74.751572,153.319626,1110.290039,166.13295,305.797485,209.990005,118.463058
117.124397,107.952568,526.693298,35.766273,2747.709961,73.87925,154.264694,1114.209961,166.695023,307.094604,212.050003,118.94146
117.213745,108.499794,531.119812,35.727028,2751.290039,74.652435,155.309235,1112.790039,166.02449,315.29303,209.309998,118.712227
116.618149,109.693733,528.762329,35.7859,2748.22998,74.989471,154.006042,1110.140015,163.894592,317.10498,212.520004,118.582664
116.022545,110.280754,535.078735,35.87421,2767.560059,74.900253,154.911316,1112.050049,166.675293,324.887543,217.240005,119.439789
116.518875,112.101524,552.595764,35.854588,2786.23999,76.169075,156.43338,1130.650024,170.343475,332.897858,221.229996,119.68895
116.995354,111.703545,560.026306,35.91346,2776.419922,76.436722,154.722305,1130.699951,166.59642,331.858215,221.529999,119.987953
118.305672,112.419907,573.464966,36.482582,2802.560059,76.793579,156.592545,1139.099976,168.992569,347.552094,217.5,121.572647
118.176628,112.688553,576.160583,36.29615,2798.030029,76.714272,156.761673,1135.969971,165.058136,336.80896,220.330002,122.698868
119.288406,112.439812,587.142334,36.247082,2810.300049,77.616333,158.353348,1143.5,165.196198,334.402893,220.460007,122.29023
120.618584,113.753151,590.126465,36.237274,2832.969971,77.903793,159.636658,1164.160034,164.328445,334.670227,227.580002,123.914795
120.410126,113.633759,586.565369,36.129333,2839.129883,77.864151,160.00473,1176.170044,169.584198,332.283966,250.289993,124.233727
120.251289,115.086388,584.565979,36.237274,2837.540039,78.756287,161.347733,1171.290039,176.476822,331.392853,261.299988,124.134064
120.013054,115.116234,572.460266,36.531643,2839.25,78.746384,161.944611,1182.140015,180.539429,339.729858,269.700012,124.801819
120.866745,115.733109,583.700562,38.278255,2872.870117,79.380791,166.361542,1187.560059,183.379318,339.838806,274.600006,125.898148
118.792076,115.613716,571.385986,38.288067,2853.530029,79.261841,160.910019,1186.47998,179.957657,337.462463,284.589996,124.423088
119.01046,114.529213,559.320068,37.09095,2822.429932,77.93354,160.790634,1177.369995,179.533646,334.383087,278.799988,123.137405
119.417458,115.086388,558.832642,36.345207,2823.810059,77.794762,160.949799,1182.219971,178.892685,350.878967,270.299988,123.815132
119.417458,116.280334,562.204773,36.473953,2821.97998,78.508469,162.720566,1181.589966,179.947784,353.423645,265.070007,125.300148
117.799408,113.7034,545.423828,36.256081,2762.129883,76.657234,157.786316,1119.199951,175.579498,345.472748,267.429993,120.506218
113.6203,108.251053,522.197144,34.334831,2648.939941,72.924896,150.524231,1062.390015,169.485596,325.640076,254.259995,115.881706
112.726898,111.54435,532.393005,34.938934,2695.139893,74.467598,157.119797,1084.430054,171.388718,337.551544,265.720001,119.569351
112.667343,112.300522,529.448669,34.641834,2681.659912,74.636795,157.159576,1055.410034,169.130615,344.690521,264.559998,119.250427
109.341919,107.335693,506.689514,33.30489,2581,71.531494,151.349915,1007.710022,162.65213,328.023682,250.100006,113.479759
110.364365,109.484795,518.755493,33.829765,2619.550049,73.33297,153.836929,1046.27002,164.683441,331.177917,249.470001,115.931549
111.108856,111.176216,522.605042,34.324928,2656,74.407883,158.452835,1054.560059,168.66716,342.093475,257.950012,118.074364
111.317322,111.86274,518.516724,34.602222,2662.939941,74.825905,160.760803,1054.140015,167.819138,341.456665,258.269989,117.954765
108.309547,114.449615,537.088135,34.849804,2698.629883,76.348694,162.700668,1072.699951,168.824936,343.138275,266,120.426483
110.155907,114.9272,537.794373,35.364777,2731.199951,76.716957,166.122803,1091.359985,174.277893,354.690643,280.269989,122.083817
110.245239,114.101387,538.241943,35.909462,2732.219971,76.458176,167.778549,1095.5,170.294159,353.27771,278.519989,121.654503
108.676834,114.131233,539.734009,35.661877,2716.26001,76.099869,167.698746,1103.589966,166.152679,351.596069,278.549988,121.814255
107.207687,114.608818,540.688965,35.414295,2701.330078,76.637329,166.561676,1113.75,163.973465,350.620941,281.040009,120.236786
108.45845,114.399872,536.680298,35.394489,2703.959961,75.910767,166.741196,1109.900024,166.13295,354.15332,278.140015,120.186859
108.875366,116.718117,546.846313,35.909462,2747.300049,76.716957,168.865738,1128.089966,169.051712,354.889648,285.929993,122.732773
110.126122,118.170746,560.99115,36.731438,2779.600098,77.284271,169.763428,1143.699951,165.748383,361.675812,294.160004,124.390106
110.076485,116.76786,549.850342,36.444241,2744.280029,76.020248,167.938126,1117.51001,162.938095,362.830048,290.609985,123.172073
108.925003,114.917252,546.527954,35.958981,2713.830078,75.134438,166.45195,1103.920044,160.167221,360.412079,291.380005,122.74276
108.120003,112.857689,532.75116,35.285553,2677.669922,73.313065,166.09288,1071.410034,159.41272,347.954254,290.390015,120.206833
109.040001,112.748245,534.740601,35.602459,2691.25,73.33297,166.511795,1084.140015,157.506546,342.959167,301.049988,120.576233
109.43,114.479462,542.380005,35.770813,2720.939941,74.069481,167.070358,1094.76001,157.437057,350.999054,315,121.684456
109.580002,114.578964,548.659973,35.533138,2728.120117,73.711174,165.634048,1100.900024,160.256592,347.18808,325.220001,120.865768
109.839996,114.151138,547.429993,35.582653,2726.800049,73.571831,166.332245,1115.040039,157.456924,345.317413,321.160004,121.654503
112.080002,114.161079,553.390015,36.147141,2738.969971,73.760941,167.938126,1129.380005,157.63562,346.999023,317,122.023911
112.540001,117.444435,577.179993,36.414532,2786.570068,75.751518,169.613815,1160.839966,162.877563,352.760254,331.440002,124.310242
112.75,117.066353,571.789978,36.256081,2783.02002,75.661942,169.424301,1165.930054,162.132965,342.481537,321.299988,124.040672
113.599998,115.663467,564.059998,36.394726,2765.310059,74.557175,168.646301,1139.910034,161.547226,336.988953,315.880005,123.002335
112.610001,114.370018,558.960022,35.998592,2749.47998,73.123955,166.262436,1148.890015,158.965958,328.620697,321.549988,122.383339
111.989998,114.658554,557.929993,36.226372,2747.330078,72.99456,166.052963,1150.609985,159.323364,328.342102,321.089996,123.212006
111.639999,114.857552,563.659973,36.424435,2752.01001,73.123955,166.87088,1134.420044,158.668137,328.829651,318.450012,124.330208
110.360001,113.952141,553.830017,35.978786,2712.919922,72.357582,164.965775,1100.069946,156.861237,330.113251,313.480011,123.012321
109.900002,114.061584,557.52002,35.978786,2716.939941,72.576546,167.030472,1095.800049,156.126572,335.954102,317.5,124.709602
108.739998,114.161079,564.159973,35.919365,2711.929932,72.974663,166.781113,1094,157.099518,335.426758,316.480011,123.022308
107.940002,109.395248,539.419983,35.25584,2643.689941,69.978836,160.497269,1053.150024,154.359406,318.023529,306.700012,119.797485
106.150002,106.470085,521.130005,34.156574,2588.26001,67.580193,158.013641,1026.550049,151.529953,319.406647,300.940002,116.812286
106.809998,109.753433,540.719971,34.701256,2658.550049,69.451332,162.881134,1054.089966,152.334106,327.337097,320.350006,120.446449
107.639999,107.624229,532.109985,34.671543,2612.620117,67.958397,159.130768,1006.940002,151.698715,319.526062,300.690002,117.211647
109.18,107.455086,528.030029,34.958744,2605,67.938499,158.532318,1005.179993,150.08046,318.431519,285.769989,116.802299
109.150002,109.415154,541.719971,35.146908,2640.870117,67.182076,160.886261,1037.140015,152.006485,326.252502,295.350006,119.428085
107.050003,107.305847,519,34.711159,2581.879883,67.391083,158.253036,1012.630005,149.375595,320.839508,280.290009,118.200058
108.190002,108.778381,528.72998,35.335072,2614.449951,68.157463,160.457367,1018.679993,150.14003,329.177917,283.670013,119.008759
110.18,110.43,536.309998,35.78072,2644.689941,68.983543,161.843796,1029.709961,150.50737,325.814697,288.940002,119.617775
110.57,111.879997,538.400024,35.384586,2662.840088,69.889267,161.813873,1032.640015,151.510086,334.730194,293.970001,120.995567
109.300003,109.089996,519.919983,34.829998,2604.469971,68.276894,158.582199,1009.950012,147.44957,324.501221,288.850006,117.511162
109.379997,110.400002,521.140015,35.117195,2613.159912,69.112938,159.050995,1020.090027,145.732025,320.879333,289.929993,118.599419
109.400002,112.510002,533.960022,35.602459,2656.870117,70.177902,162.222824,1036.5,148.740204,333.167999,298.070007,120.526321
108.68,110.620003,525.309998,35.444008,2642.189941,69.560814,161.983429,1025.060059,147.856598,325.735077,303.670013,119.58783
108.309998,113.370003,533.01001,35.968884,2663.98999,71.79026,163.529465,1037.290039,147.955887,335.804871,309.25,120.875755
109.260002,110.300003,524.77002,35.968884,2656.300049,70.675545,162.472183,1036.040039,147.519058,327.645538,311.649994,120.556274
109.919998,110.209999,524.849976,36.176849,2677.840088,69.739967,163.958359,1046.099976,152.463181,330.123169,307.779999,121.684456
108.870003,110.209999,526.840027,35.978786,2706.389893,69.411522,165.514359,1079.359985,152.423462,335.048615,336.059998,123.601379
106.980003,109.32,523.219971,36.137241,2708.639893,68.655106,166.042999,1075.390015,153.604889,339.307373,334.519989,124.280289
105.57,111.720001,525.059998,36.176849,2693.129883,69.948982,165.294922,1089.449951,150.914413,338.949188,332.700012,123.761124
102.480003,111.470001,524.419983,36.275887,2670.139893,69.670296,163.599289,1077.319946,148.293442,336.988953,327.769989,124.000732
102.580002,110.93,519.849976,36.444241,2670.290039,69.152748,162.063232,1073.810059,149.236603,337.158112,318.690002,124.260315
101.440002,110.410004,513.700012,36.701729,2634.560059,68.794449,160.048416,1022.640015,154.835953,327.426636,307.019989,121.075432
101.150002,109.989998,512.219971,36.325401,2639.399902,69.03331,162.123077,1022.98999,154.359406,341.158142,305.76001,121.015533
103.260002,110.099998,522.719971,36.493755,2666.939941,68.854164,164.257584,1043.310059,154.726746,341.088501,313.980011,126.876114
101.709999,109.400002,524.650024,36.642307,2669.909912,68.665054,162.611816,1031.449951,156.613037,339.187988,311.76001,125.807831
100.940002,108.779999,521.5,36.256081,2648.050049,67.948441,161.783951,1018.580017,153.833221,331.904297,312.459991,126.676437
99.129997,108.779999,517.969971,35.057777,2654.800049,67.928543,163.738922,1040.75,154.796234,327.904266,313.299988,127.305428
97.230003,107.919998,514.789978,34.552708,2635.669922,67.669762,162.292648,1026.050049,153.128342,322.580811,313.359985,126.177238
97.599998,107.239998,511.670013,34.423962,2629.72998,67.620003,162.701584,1026.300049,150.646362,329.048553,311.690002,126.975952
98.989998,108.43,520.400024,34.503189,2663.419922,67.940002,165.883408,1051,152.195114,332.769989,320.089996,127.954384
98.230003,109.370003,523.599976,34.592319,2672.629883,68.5,166.960632,1059.459961,152.294388,338.740204,326.26001,129.052612
96.790001,110.989998,519.929993,34.641834,2671.919922,71,167.459351,1058.589966,152.870209,336.69043,326.890015,129.691589
96.160004,113.410004,531.349976,34.829998,2697.790039,71.949997,170.112534,1088.949951,153.485748,342.790009,330.299988,130.630081
97.269997,114.290001,536.26001,35.040001,2723.070068,72.57,173.334244,1105.469971,154.498383,344.070007,329.600006,130.789825
97.43,113.860001,540.429993,35.5,2727.719971,72.860001,173.603561,1103.380005,154.845871,342.459991,326.459991,131.608521
97.150002,113.900002,539.76001,35.860001,2730.129883,72.620003,171.558823,1106.599976,156.513763,344.589996,328.529999,130.999496
96.800003,113.029999,533.210022,35.689999,2711.449951,72.68,170.45166,1084.869995,156.126572,342.119995,326.130005,130.889679
